ID,score
0,0.8775704503059387
1,0.1794688999652862
10,0.8589642643928528
100,0.4018433392047882
1000,0.0208550374954938
10000,0.0001977717474801
100000,0.0886603072285652
100001,0.0007831361144781
100002,5.983392838970758e-05
100003,0.0689255371689796
100004,0.0048394142650067
100005,0.0500210151076316
100006,0.967762529850006
100007,9.76341834757477e-05
100008,0.0001320710725849
100009,0.3113478720188141
