ID,score
0,0.5393882393836975
1,0.0354631319642066
10,0.7592308521270752
100,0.7162007689476013
1000,0.0773741230368614
10000,0.0379907488822937
100000,0.0235395412892103
100001,0.0108352033421397
100002,0.0130374375730752
100003,0.0212004538625478
100004,0.040887527167797
100005,0.0254091750830411
100006,0.9446253180503844
100007,0.0220447406172752
100008,0.0138096762821078
100009,0.0358837954699993
